path,name,extension,size_bytes,modified_time,top_dir,doc_type,topic_tags,priority_hint,status,next_action
scripts\audit_factor_registry.py,audit_factor_registry.py,.py,8308,2026-06-13T15:45:56,scripts,code,factor,P1,new,skim_then_extract
scripts\build_v4_93_rebound_leader_historical_backtest_verdict.py,build_v4_93_rebound_leader_historical_backtest_verdict.py,.py,23149,2026-07-12T09:25:46,scripts,code,backtest,P1,new,skim_then_extract
scripts\run_industry_conditional_reversal_backtest.py,run_industry_conditional_reversal_backtest.py,.py,39178,2026-06-13T17:31:17,scripts,code,backtest,P1,new,skim_then_extract
scripts\run_industry_oversold_bottom_backtest.py,run_industry_oversold_bottom_backtest.py,.py,33320,2026-06-13T16:55:58,scripts,code,backtest,P1,new,skim_then_extract
scripts\run_industry_rankic_portfolio_bridge_v2_8.py,run_industry_rankic_portfolio_bridge_v2_8.py,.py,72221,2026-06-14T16:49:43,scripts,code,portfolio,P1,new,skim_then_extract
scripts\run_industry_rebound_leader_oos_factor_v4_74.py,run_industry_rebound_leader_oos_factor_v4_74.py,.py,19313,2026-06-20T13:26:56,scripts,code,factor,P1,new,skim_then_extract
scripts\run_industry_rebound_leader_separable_portfolio_v4_78.py,run_industry_rebound_leader_separable_portfolio_v4_78.py,.py,11576,2026-06-20T13:37:56,scripts,code,portfolio,P1,new,skim_then_extract
scripts\run_industry_rebound_window_path_risk_v2_18.py,run_industry_rebound_window_path_risk_v2_18.py,.py,20567,2026-06-16T18:49:06,scripts,code,risk,P1,new,skim_then_extract
scripts\run_industry_rebound_window_v3_5_independent_risk.py,run_industry_rebound_window_v3_5_independent_risk.py,.py,21569,2026-06-17T14:35:15,scripts,code,risk,P1,new,skim_then_extract
scripts\run_industry_rebound_window_v4_25_bad_window_risk_condition.py,run_industry_rebound_window_v4_25_bad_window_risk_condition.py,.py,9399,2026-06-17T22:07:33,scripts,code,risk,P1,new,skim_then_extract
scripts\run_industry_rebound_window_v4_2_bad_window_risk.py,run_industry_rebound_window_v4_2_bad_window_risk.py,.py,40279,2026-06-17T15:58:56,scripts,code,risk,P1,new,skim_then_extract
scripts\run_industry_rebound_window_v4_34_flow_risk_relative_frontier.py,run_industry_rebound_window_v4_34_flow_risk_relative_frontier.py,.py,6980,2026-06-17T23:25:14,scripts,code,risk,P1,new,skim_then_extract
scripts\run_industry_rebound_window_v4_35_walk_forward_flow_risk.py,run_industry_rebound_window_v4_35_walk_forward_flow_risk.py,.py,14728,2026-06-17T23:33:13,scripts,code,risk,P1,new,skim_then_extract
scripts\run_industry_rebound_window_v4_8_risk_quality_filter.py,run_industry_rebound_window_v4_8_risk_quality_filter.py,.py,34160,2026-06-17T17:17:09,scripts,code,risk,P1,new,skim_then_extract
scripts\run_latest_undervalued_oversold_bottom_backtest.py,run_latest_undervalued_oversold_bottom_backtest.py,.py,53008,2026-06-14T19:09:06,scripts,code,backtest,P1,new,skim_then_extract
configs\rebound_window_path_risk_policy_v2_18.json,rebound_window_path_risk_policy_v2_18.json,.json,1481,2026-06-16T18:45:39,configs,data,risk,P1,new,skim_then_extract
configs\rebound_window_v3_5_independent_risk_policy.json,rebound_window_v3_5_independent_risk_policy.json,.json,3308,2026-06-17T14:31:27,configs,data,risk,P1,new,skim_then_extract
configs\rebound_window_v4_25_bad_window_risk_condition_policy.json,rebound_window_v4_25_bad_window_risk_condition_policy.json,.json,1879,2026-06-17T22:07:33,configs,data,risk,P1,new,skim_then_extract
configs\rebound_window_v4_2_bad_window_risk_policy.json,rebound_window_v4_2_bad_window_risk_policy.json,.json,4465,2026-06-17T15:53:27,configs,data,risk,P1,new,skim_then_extract
configs\rebound_window_v4_34_flow_risk_relative_frontier_policy.json,rebound_window_v4_34_flow_risk_relative_frontier_policy.json,.json,1968,2026-06-17T23:24:02,configs,data,risk,P1,new,skim_then_extract
configs\rebound_window_v4_35_walk_forward_flow_risk_policy.json,rebound_window_v4_35_walk_forward_flow_risk_policy.json,.json,1999,2026-06-17T23:31:11,configs,data,risk,P1,new,skim_then_extract
configs\rebound_window_v4_8_risk_quality_filter_policy.json,rebound_window_v4_8_risk_quality_filter_policy.json,.json,6596,2026-06-17T17:11:15,configs,data,risk,P1,new,skim_then_extract
data_catalog\cache\external_risk\v3_5\bond_zh_us_rate.csv,bond_zh_us_rate.csv,.csv,90660,2026-06-17T14:33:47,data_catalog,data,data|risk,P1,new,skim_then_extract
data_catalog\cache\external_risk\v3_5\lpr.csv,lpr.csv,.csv,27722,2026-06-17T14:33:41,data_catalog,data,data|risk,P1,new,skim_then_extract
data_catalog\cache\external_risk\v3_5\margin_sh.csv,margin_sh.csv,.csv,194078,2026-06-17T14:33:36,data_catalog,data,data|risk,P1,new,skim_then_extract
data_catalog\cache\external_risk\v3_5\margin_sz.csv,margin_sz.csv,.csv,205503,2026-06-17T14:33:37,data_catalog,data,data|risk,P1,new,skim_then_extract
data_catalog\cache\external_risk\v3_5\shibor.csv,shibor.csv,.csv,55067,2026-06-17T14:33:38,data_catalog,data,data|risk,P1,new,skim_then_extract
data_catalog\cache\external_risk\v4_10\northbound_flow.csv,northbound_flow.csv,.csv,335906,2026-06-17T18:01:06,data_catalog,data,data|risk,P1,new,skim_then_extract
factor_library\fundamental_value_factor_registry.csv,fundamental_value_factor_registry.csv,.csv,8029,2026-06-12T17:50:57,factor_library,data,factor|fund_etf,P1,new,skim_then_extract
factor_library\industry_index_factor_registry.csv,industry_index_factor_registry.csv,.csv,30220,2026-06-14T16:55:37,factor_library,data,factor,P1,new,skim_then_extract
outputs\audit\factor_registry_audit\factor_registry_audit_issues.csv,factor_registry_audit_issues.csv,.csv,41,2026-07-17T23:47:01,outputs,data,factor,P1,new,skim_then_extract
outputs\audit\factor_registry_audit\factor_registry_audit_report.json,factor_registry_audit_report.json,.json,387,2026-07-17T23:47:01,outputs,data,factor,P1,new,skim_then_extract
outputs\audit\industry_index_factor_registry_audit\factor_registry_audit_issues.csv,factor_registry_audit_issues.csv,.csv,41,2026-06-14T16:55:46,outputs,data,factor,P1,new,skim_then_extract
outputs\audit\industry_index_factor_registry_audit\factor_registry_audit_report.json,factor_registry_audit_report.json,.json,387,2026-06-14T16:55:46,outputs,data,factor,P1,new,skim_then_extract
outputs\audit\rebound_leader_historical_backtest_verdict_v4_93\debug\experiment_family_ledger.csv,experiment_family_ledger.csv,.csv,217202,2026-07-12T09:25:57,outputs,data,backtest,P1,new,skim_then_extract
outputs\audit\rebound_leader_historical_backtest_verdict_v4_93\debug\historical_gate_checks.csv,historical_gate_checks.csv,.csv,1042,2026-07-12T09:25:57,outputs,data,backtest,P1,new,skim_then_extract
outputs\audit\rebound_leader_historical_backtest_verdict_v4_93\debug\market_quality_filter_probe.csv,market_quality_filter_probe.csv,.csv,702,2026-07-12T09:25:57,outputs,data,backtest,P1,new,skim_then_extract
outputs\audit\rebound_leader_historical_backtest_verdict_v4_93\debug\source_version_summary.csv,source_version_summary.csv,.csv,5043,2026-07-12T09:25:57,outputs,data,backtest,P1,new,skim_then_extract
outputs\audit\rebound_leader_historical_backtest_verdict_v4_93\run_summary.json,run_summary.json,.json,1234,2026-07-12T09:25:57,outputs,data,backtest,P1,new,skim_then_extract
outputs\audit\rebound_leader_historical_backtest_verdict_v4_93\top_candidates.csv,top_candidates.csv,.csv,5043,2026-07-12T09:25:57,outputs,data,backtest,P1,new,skim_then_extract
outputs\industry_conditional_reversal_backtest\debug\benchmark_relative_nav.csv,benchmark_relative_nav.csv,.csv,341829,2026-06-13T17:37:34,outputs,data,backtest,P1,new,skim_then_extract
outputs\industry_conditional_reversal_backtest\debug\conditional_signal_panel.csv,conditional_signal_panel.csv,.csv,12587132,2026-06-13T17:37:34,outputs,data,backtest,P1,new,skim_then_extract
outputs\industry_conditional_reversal_backtest\debug\event_backtest.csv,event_backtest.csv,.csv,4463902,2026-06-13T17:37:34,outputs,data,backtest,P1,new,skim_then_extract
outputs\industry_conditional_reversal_backtest\debug\momentum_trap_cases.csv,momentum_trap_cases.csv,.csv,58132,2026-06-13T17:37:34,outputs,data,backtest,P1,new,skim_then_extract
outputs\industry_conditional_reversal_backtest\debug\nonoverlap_backtest.csv,nonoverlap_backtest.csv,.csv,864171,2026-06-13T17:37:34,outputs,data,backtest,P1,new,skim_then_extract
outputs\industry_conditional_reversal_backtest\debug\parameter_sensitivity.csv,parameter_sensitivity.csv,.csv,19031,2026-06-13T17:37:34,outputs,data,backtest,P1,new,skim_then_extract
outputs\industry_conditional_reversal_backtest\debug\portfolio_nav.csv,portfolio_nav.csv,.csv,341829,2026-06-13T17:37:34,outputs,data,backtest|portfolio,P1,new,skim_then_extract
outputs\industry_conditional_reversal_backtest\debug\regime_breakdown.csv,regime_breakdown.csv,.csv,48835,2026-06-13T17:37:34,outputs,data,backtest,P1,new,skim_then_extract
outputs\industry_conditional_reversal_backtest\debug\signal_rejection_log.csv,signal_rejection_log.csv,.csv,14057,2026-06-13T17:37:34,outputs,data,backtest,P1,new,skim_then_extract
outputs\industry_conditional_reversal_backtest\debug\walk_forward_oos.csv,walk_forward_oos.csv,.csv,24899,2026-06-13T17:37:34,outputs,data,backtest,P1,new,skim_then_extract
outputs\industry_conditional_reversal_backtest\run_summary.json,run_summary.json,.json,946,2026-06-13T17:37:34,outputs,data,backtest,P1,new,skim_then_extract
outputs\industry_conditional_reversal_backtest\top_candidates.csv,top_candidates.csv,.csv,6733,2026-06-13T17:37:34,outputs,data,backtest,P1,new,skim_then_extract
outputs\industry_fundamental_pressure_iterative_v2_4\debug\daily_portfolio_nav.csv,daily_portfolio_nav.csv,.csv,32060,2026-06-13T23:45:24,outputs,data,portfolio|ml|fund_etf,P1,new,skim_then_extract
outputs\industry_fundamental_pressure_iterative_v2_4\debug\event_backtest.csv,event_backtest.csv,.csv,102512,2026-06-13T23:45:24,outputs,data,backtest|fund_etf,P1,new,skim_then_extract
outputs\industry_fundamental_pressure_iterative_v2_4\debug\nonoverlap_backtest.csv,nonoverlap_backtest.csv,.csv,23762,2026-06-13T23:45:24,outputs,data,backtest|fund_etf,P1,new,skim_then_extract
outputs\industry_fundamental_pressure_iterative_v2_4\debug\portfolio_nav_metrics.csv,portfolio_nav_metrics.csv,.csv,1853,2026-06-13T23:45:24,outputs,data,portfolio|fund_etf,P1,new,skim_then_extract
outputs\industry_index_research_validation\debug\topn_backtest.csv,topn_backtest.csv,.csv,549691,2026-07-16T18:47:02,outputs,data,backtest,P1,new,skim_then_extract
outputs\industry_latest_undervalued_oversold_bottom_backtest\debug\bootstrap_confidence.csv,bootstrap_confidence.csv,.csv,2809,2026-06-14T19:09:55,outputs,data,backtest,P1,new,skim_then_extract
outputs\industry_latest_undervalued_oversold_bottom_backtest\debug\bottom_event_backtest.csv,bottom_event_backtest.csv,.csv,1471193,2026-06-14T19:09:55,outputs,data,backtest,P1,new,skim_then_extract
outputs\industry_latest_undervalued_oversold_bottom_backtest\debug\bottom_nav_metrics.csv,bottom_nav_metrics.csv,.csv,2645,2026-06-14T19:09:55,outputs,data,backtest,P1,new,skim_then_extract
outputs\industry_latest_undervalued_oversold_bottom_backtest\debug\bottom_state_signal_panel.csv,bottom_state_signal_panel.csv,.csv,16201773,2026-06-14T19:09:55,outputs,data,backtest,P1,new,skim_then_extract
outputs\industry_latest_undervalued_oversold_bottom_backtest\debug\current_state_snapshot.csv,current_state_snapshot.csv,.csv,9993,2026-06-14T19:09:55,outputs,data,backtest,P1,new,skim_then_extract
outputs\industry_latest_undervalued_oversold_bottom_backtest\debug\daily_bottom_nav.csv,daily_bottom_nav.csv,.csv,2126387,2026-06-14T19:09:55,outputs,data,backtest|ml,P1,new,skim_then_extract
outputs\industry_latest_undervalued_oversold_bottom_backtest\debug\nonoverlap_backtest.csv,nonoverlap_backtest.csv,.csv,290611,2026-06-14T19:09:55,outputs,data,backtest,P1,new,skim_then_extract
outputs\industry_latest_undervalued_oversold_bottom_backtest\debug\parameter_summary.csv,parameter_summary.csv,.csv,17340,2026-06-14T19:09:55,outputs,data,backtest,P1,new,skim_then_extract
outputs\industry_latest_undervalued_oversold_bottom_backtest\debug\signal_rejection_log.csv,signal_rejection_log.csv,.csv,10848,2026-06-14T19:09:55,outputs,data,backtest,P1,new,skim_then_extract
outputs\industry_latest_undervalued_oversold_bottom_backtest\debug\source_audit.csv,source_audit.csv,.csv,866,2026-06-14T19:09:55,outputs,data,backtest,P1,new,skim_then_extract
outputs\industry_latest_undervalued_oversold_bottom_backtest\debug\state_definition_audit.csv,state_definition_audit.csv,.csv,885,2026-06-14T19:09:55,outputs,data,backtest,P1,new,skim_then_extract
outputs\industry_latest_undervalued_oversold_bottom_backtest\debug\state_trigger_coverage.csv,state_trigger_coverage.csv,.csv,1436,2026-06-14T19:09:55,outputs,data,backtest,P1,new,skim_then_extract
outputs\industry_latest_undervalued_oversold_bottom_backtest\debug\walk_forward_oos.csv,walk_forward_oos.csv,.csv,22442,2026-06-14T19:09:55,outputs,data,backtest,P1,new,skim_then_extract
outputs\industry_latest_undervalued_oversold_bottom_backtest\run_summary.json,run_summary.json,.json,1175,2026-06-14T19:09:55,outputs,data,backtest,P1,new,skim_then_extract
outputs\industry_latest_undervalued_oversold_bottom_backtest\top_candidates.csv,top_candidates.csv,.csv,10891,2026-06-14T19:09:54,outputs,data,backtest,P1,new,skim_then_extract
outputs\industry_oversold_bottom_backtest\debug\current_top_oversold_industries.csv,current_top_oversold_industries.csv,.csv,5779,2026-06-13T16:56:28,outputs,data,backtest,P1,new,skim_then_extract
outputs\industry_oversold_bottom_backtest\debug\event_backtest.csv,event_backtest.csv,.csv,3460766,2026-06-13T16:56:28,outputs,data,backtest,P1,new,skim_then_extract
outputs\industry_oversold_bottom_backtest\debug\oos_strategy_report.csv,oos_strategy_report.csv,.csv,8245,2026-06-13T16:56:28,outputs,data,backtest,P1,new,skim_then_extract
outputs\industry_oversold_bottom_backtest\debug\quantile_return_report.csv,quantile_return_report.csv,.csv,3891,2026-06-13T16:56:28,outputs,data,backtest,P1,new,skim_then_extract
outputs\industry_oversold_bottom_backtest\debug\regime_strategy_report.csv,regime_strategy_report.csv,.csv,23289,2026-06-13T16:56:28,outputs,data,backtest,P1,new,skim_then_extract
outputs\industry_oversold_bottom_backtest\debug\strategy_summary.csv,strategy_summary.csv,.csv,9018,2026-06-13T16:56:28,outputs,data,backtest,P1,new,skim_then_extract
outputs\industry_oversold_bottom_backtest\debug\yearly_strategy_report.csv,yearly_strategy_report.csv,.csv,83400,2026-06-13T16:56:28,outputs,data,backtest,P1,new,skim_then_extract
outputs\industry_oversold_bottom_backtest\run_summary.json,run_summary.json,.json,1850,2026-06-13T16:56:28,outputs,data,backtest,P1,new,skim_then_extract
outputs\industry_oversold_bottom_backtest\top_candidates.csv,top_candidates.csv,.csv,4374,2026-06-13T16:56:28,outputs,data,backtest,P1,new,skim_then_extract
outputs\industry_pressure_quality_v2_3\debug\daily_portfolio_nav.csv,daily_portfolio_nav.csv,.csv,1863306,2026-06-13T20:25:03,outputs,data,portfolio|ml,P1,new,skim_then_extract
outputs\industry_pressure_quality_v2_3\debug\event_backtest.csv,event_backtest.csv,.csv,4759205,2026-06-13T20:25:03,outputs,data,backtest,P1,new,skim_then_extract
outputs\industry_pressure_quality_v2_3\debug\nonoverlap_backtest.csv,nonoverlap_backtest.csv,.csv,933651,2026-06-13T20:25:03,outputs,data,backtest,P1,new,skim_then_extract
outputs\industry_pressure_quality_v2_3\debug\portfolio_nav_metrics.csv,portfolio_nav_metrics.csv,.csv,6133,2026-06-13T20:25:03,outputs,data,portfolio,P1,new,skim_then_extract
outputs\industry_pressure_reversal_v2_2\debug\daily_portfolio_nav.csv,daily_portfolio_nav.csv,.csv,1819080,2026-06-13T19:12:51,outputs,data,portfolio|ml,P1,new,skim_then_extract
outputs\industry_pressure_reversal_v2_2\debug\event_backtest.csv,event_backtest.csv,.csv,4033894,2026-06-13T19:12:51,outputs,data,backtest,P1,new,skim_then_extract
outputs\industry_pressure_reversal_v2_2\debug\nonoverlap_backtest.csv,nonoverlap_backtest.csv,.csv,782927,2026-06-13T19:12:51,outputs,data,backtest,P1,new,skim_then_extract
outputs\industry_pressure_reversal_v2_2\debug\portfolio_nav_metrics.csv,portfolio_nav_metrics.csv,.csv,4477,2026-06-13T19:12:51,outputs,data,portfolio,P1,new,skim_then_extract
outputs\industry_rankic_portfolio_bridge_v2_8\debug\bootstrap_confidence.csv,bootstrap_confidence.csv,.csv,7405,2026-06-14T16:51:30,outputs,data,portfolio,P1,new,skim_then_extract
outputs\industry_rankic_portfolio_bridge_v2_8\debug\current_signal_snapshot.csv,current_signal_snapshot.csv,.csv,7394,2026-06-14T16:51:30,outputs,data,portfolio,P1,new,skim_then_extract
outputs\industry_rankic_portfolio_bridge_v2_8\debug\daily_long_short_nav.csv,daily_long_short_nav.csv,.csv,10601867,2026-06-14T16:51:30,outputs,data,portfolio|ml,P1,new,skim_then_extract
outputs\industry_rankic_portfolio_bridge_v2_8\debug\factor_correlation_report.csv,factor_correlation_report.csv,.csv,1550,2026-06-14T16:51:30,outputs,data,factor|portfolio,P1,new,skim_then_extract
outputs\industry_rankic_portfolio_bridge_v2_8\debug\nav_metrics.csv,nav_metrics.csv,.csv,15085,2026-06-14T16:51:30,outputs,data,portfolio,P1,new,skim_then_extract
outputs\industry_rankic_portfolio_bridge_v2_8\debug\period_attribution_report.csv,period_attribution_report.csv,.csv,8802,2026-06-14T16:51:30,outputs,data,portfolio,P1,new,skim_then_extract
outputs\industry_rankic_portfolio_bridge_v2_8\debug\portfolio_bridge_summary.csv,portfolio_bridge_summary.csv,.csv,43013,2026-06-14T16:51:30,outputs,data,portfolio,P1,new,skim_then_extract
outputs\industry_rankic_portfolio_bridge_v2_8\debug\quantile_monotonicity_report.csv,quantile_monotonicity_report.csv,.csv,14600,2026-06-14T16:51:30,outputs,data,portfolio,P1,new,skim_then_extract
outputs\industry_rankic_portfolio_bridge_v2_8\debug\rankic_bridge_signal_panel.csv,rankic_bridge_signal_panel.csv,.csv,15502598,2026-06-14T16:51:30,outputs,data,portfolio,P1,new,skim_then_extract
outputs\industry_rankic_portfolio_bridge_v2_8\debug\rankic_decay_report.csv,rankic_decay_report.csv,.csv,7603,2026-06-14T16:51:30,outputs,data,portfolio,P1,new,skim_then_extract
outputs\industry_rankic_portfolio_bridge_v2_8\debug\rebalance_portfolio_events.csv,rebalance_portfolio_events.csv,.csv,1750124,2026-06-14T16:51:30,outputs,data,portfolio,P1,new,skim_then_extract
outputs\industry_rankic_portfolio_bridge_v2_8\debug\same_date_cross_section_coverage.csv,same_date_cross_section_coverage.csv,.csv,732,2026-06-14T16:51:30,outputs,data,portfolio,P1,new,skim_then_extract
outputs\industry_rankic_portfolio_bridge_v2_8\debug\sector_policy_attribution.csv,sector_policy_attribution.csv,.csv,3985,2026-06-14T16:51:30,outputs,data,portfolio,P1,new,skim_then_extract
outputs\industry_rankic_portfolio_bridge_v2_8\debug\signal_rejection_log.csv,signal_rejection_log.csv,.csv,26238,2026-06-14T16:51:30,outputs,data,portfolio,P1,new,skim_then_extract
outputs\industry_rankic_portfolio_bridge_v2_8\debug\source_audit.csv,source_audit.csv,.csv,1068,2026-06-14T16:51:30,outputs,data,portfolio,P1,new,skim_then_extract
outputs\industry_rankic_portfolio_bridge_v2_8\run_summary.json,run_summary.json,.json,1294,2026-06-14T16:51:30,outputs,data,portfolio,P1,new,skim_then_extract
outputs\industry_rankic_portfolio_bridge_v2_8\top_candidates.csv,top_candidates.csv,.csv,10633,2026-06-14T16:51:29,outputs,data,portfolio,P1,new,skim_then_extract
outputs\industry_rebound_leader_oos_factor_v4_74\debug\evaluation_gate_audit.csv,evaluation_gate_audit.csv,.csv,1153,2026-06-23T23:17:00,outputs,data,factor,P1,new,skim_then_extract
outputs\industry_rebound_leader_oos_factor_v4_74\debug\factor_event_panel.csv,factor_event_panel.csv,.csv,1004308,2026-06-23T23:17:00,outputs,data,factor,P1,new,skim_then_extract
outputs\industry_rebound_leader_oos_factor_v4_74\debug\factor_oos_results.csv,factor_oos_results.csv,.csv,63438,2026-06-23T23:17:00,outputs,data,factor,P1,new,skim_then_extract
outputs\industry_rebound_leader_oos_factor_v4_74\debug\latest_oos_factor_candidates.csv,latest_oos_factor_candidates.csv,.csv,291,2026-06-23T23:17:00,outputs,data,factor,P1,new,skim_then_extract
outputs\industry_rebound_leader_oos_factor_v4_74\debug\selected_factor_oos_audit.csv,selected_factor_oos_audit.csv,.csv,1387,2026-06-23T23:17:00,outputs,data,factor,P1,new,skim_then_extract
outputs\industry_rebound_leader_oos_factor_v4_74\debug\state_annotated_opportunity_set.csv,state_annotated_opportunity_set.csv,.csv,2354567,2026-06-23T23:17:00,outputs,data,factor,P1,new,skim_then_extract
outputs\industry_rebound_leader_oos_factor_v4_74\run_summary.json,run_summary.json,.json,1569,2026-06-23T23:17:00,outputs,data,factor,P1,new,skim_then_extract
outputs\industry_rebound_leader_oos_factor_v4_74\top_candidates.csv,top_candidates.csv,.csv,291,2026-06-23T23:17:00,outputs,data,factor,P1,new,skim_then_extract
outputs\industry_rebound_leader_selection_v4_72\debug\factor_discovery_events.csv,factor_discovery_events.csv,.csv,1247371,2026-07-12T09:20:15,outputs,data,factor,P1,new,skim_then_extract
outputs\industry_rebound_leader_selection_v4_72\debug\factor_discovery_results.csv,factor_discovery_results.csv,.csv,15974,2026-07-12T09:20:15,outputs,data,factor,P1,new,skim_then_extract
outputs\industry_rebound_leader_separable_portfolio_v4_78\debug\evaluation_gate_audit.csv,evaluation_gate_audit.csv,.csv,946,2026-06-23T23:17:19,outputs,data,portfolio,P1,new,skim_then_extract
outputs\industry_rebound_leader_separable_portfolio_v4_78\debug\latest_separable_portfolio_candidates.csv,latest_separable_portfolio_candidates.csv,.csv,181,2026-06-23T23:17:19,outputs,data,portfolio,P1,new,skim_then_extract
outputs\industry_rebound_leader_separable_portfolio_v4_78\debug\separable_portfolio_event_panel.csv,separable_portfolio_event_panel.csv,.csv,43899,2026-06-23T23:17:19,outputs,data,portfolio,P1,new,skim_then_extract
outputs\industry_rebound_leader_separable_portfolio_v4_78\debug\separable_portfolio_results.csv,separable_portfolio_results.csv,.csv,2239,2026-06-23T23:17:19,outputs,data,portfolio,P1,new,skim_then_extract
outputs\industry_rebound_leader_separable_portfolio_v4_78\run_summary.json,run_summary.json,.json,1040,2026-06-23T23:17:19,outputs,data,portfolio,P1,new,skim_then_extract
outputs\industry_rebound_leader_separable_portfolio_v4_78\top_candidates.csv,top_candidates.csv,.csv,181,2026-06-23T23:17:19,outputs,data,portfolio,P1,new,skim_then_extract
outputs\industry_rebound_leader_walk_forward_v4_75\debug\factor_event_panel.csv,factor_event_panel.csv,.csv,1004308,2026-06-23T23:17:05,outputs,data,factor,P1,new,skim_then_extract
outputs\industry_rebound_window_path_risk_v2_18\debug\daily_path_summary.csv,daily_path_summary.csv,.csv,1074,2026-06-16T18:49:21,outputs,data,risk|ml,P1,new,skim_then_extract
outputs\industry_rebound_window_path_risk_v2_18\debug\event_daily_paths.csv,event_daily_paths.csv,.csv,283167,2026-06-16T18:49:21,outputs,data,risk|ml,P1,new,skim_then_extract
outputs\industry_rebound_window_path_risk_v2_18\debug\frozen_policy.json,frozen_policy.json,.json,1564,2026-06-16T18:49:21,outputs,data,risk,P1,new,skim_then_extract
outputs\industry_rebound_window_path_risk_v2_18\debug\leakage_audit.csv,leakage_audit.csv,.csv,536,2026-06-16T18:49:21,outputs,data,risk,P1,new,skim_then_extract
outputs\industry_rebound_window_path_risk_v2_18\debug\optimization_notes.json,optimization_notes.json,.json,473,2026-06-16T18:49:21,outputs,data,risk,P1,new,skim_then_extract
outputs\industry_rebound_window_path_risk_v2_18\debug\path_risk_events.csv,path_risk_events.csv,.csv,4989,2026-06-16T18:49:21,outputs,data,risk,P1,new,skim_then_extract
outputs\industry_rebound_window_path_risk_v2_18\run_summary.json,run_summary.json,.json,941,2026-06-16T18:49:21,outputs,data,risk,P1,new,skim_then_extract
outputs\industry_rebound_window_path_risk_v2_18\top_candidates.csv,top_candidates.csv,.csv,1074,2026-06-16T18:49:21,outputs,data,risk,P1,new,skim_then_extract
outputs\industry_rebound_window_v3_5_independent_risk\debug\annual_signal_distribution.csv,annual_signal_distribution.csv,.csv,985,2026-06-17T14:40:50,outputs,data,risk,P1,new,skim_then_extract
outputs\industry_rebound_window_v3_5_independent_risk\debug\data_availability_audit.csv,data_availability_audit.csv,.csv,1407,2026-06-17T14:40:50,outputs,data,data|risk|ml,P1,new,skim_then_extract
outputs\industry_rebound_window_v3_5_independent_risk\debug\evaluation_scorecard.csv,evaluation_scorecard.csv,.csv,596,2026-06-17T15:01:27,outputs,data,risk,P1,new,skim_then_extract
outputs\industry_rebound_window_v3_5_independent_risk\debug\evaluation_summary.json,evaluation_summary.json,.json,1158,2026-06-17T15:01:27,outputs,data,risk,P1,new,skim_then_extract
outputs\industry_rebound_window_v3_5_independent_risk\debug\external_risk_source_audit.csv,external_risk_source_audit.csv,.csv,574,2026-06-17T14:40:50,outputs,data,risk,P1,new,skim_then_extract
outputs\industry_rebound_window_v3_5_independent_risk\debug\frozen_policy.json,frozen_policy.json,.json,11775,2026-06-17T14:40:50,outputs,data,risk,P1,new,skim_then_extract
outputs\industry_rebound_window_v3_5_independent_risk\debug\independent_risk_rule_events.csv,independent_risk_rule_events.csv,.csv,5417,2026-06-17T14:40:50,outputs,data,risk,P1,new,skim_then_extract
outputs\industry_rebound_window_v3_5_independent_risk\debug\independent_risk_rule_summary.csv,independent_risk_rule_summary.csv,.csv,1480,2026-06-17T14:40:50,outputs,data,risk,P1,new,skim_then_extract
outputs\industry_rebound_window_v3_5_independent_risk\debug\leakage_audit.csv,leakage_audit.csv,.csv,1175,2026-06-17T14:40:50,outputs,data,risk,P1,new,skim_then_extract
outputs\industry_rebound_window_v3_5_independent_risk\debug\optimization_notes.json,optimization_notes.json,.json,904,2026-06-17T14:40:50,outputs,data,risk,P1,new,skim_then_extract
outputs\industry_rebound_window_v3_5_independent_risk\debug\realtime_simulation_summary.csv,realtime_simulation_summary.csv,.csv,370,2026-06-17T14:40:50,outputs,data,risk,P1,new,skim_then_extract
outputs\industry_rebound_window_v3_5_independent_risk\debug\realtime_simulation_trades.csv,realtime_simulation_trades.csv,.csv,1662,2026-06-17T14:40:50,outputs,data,risk,P1,new,skim_then_extract
outputs\industry_rebound_window_v3_5_independent_risk\debug\target_label_audit.csv,target_label_audit.csv,.csv,608,2026-06-17T14:40:50,outputs,data,risk,P1,new,skim_then_extract
outputs\industry_rebound_window_v3_5_independent_risk\debug\v35_feature_target_panel.csv,v35_feature_target_panel.csv,.csv,4134460,2026-06-17T14:40:50,outputs,data,risk,P1,new,skim_then_extract
outputs\industry_rebound_window_v3_5_independent_risk\debug\walk_forward_model_summary.csv,walk_forward_model_summary.csv,.csv,564,2026-06-17T14:40:50,outputs,data,risk,P1,new,skim_then_extract
outputs\industry_rebound_window_v3_5_independent_risk\debug\walk_forward_predictions.csv,walk_forward_predictions.csv,.csv,159236,2026-06-17T14:40:50,outputs,data,risk,P1,new,skim_then_extract
outputs\industry_rebound_window_v3_5_independent_risk\debug\walk_forward_year_summary.csv,walk_forward_year_summary.csv,.csv,579,2026-06-17T14:40:50,outputs,data,risk,P1,new,skim_then_extract
outputs\industry_rebound_window_v3_5_independent_risk\run_summary.json,run_summary.json,.json,959,2026-06-17T14:40:50,outputs,data,risk,P1,new,skim_then_extract
outputs\industry_rebound_window_v3_5_independent_risk\top_candidates.csv,top_candidates.csv,.csv,1800,2026-06-17T14:40:50,outputs,data,risk,P1,new,skim_then_extract
outputs\industry_rebound_window_v4_25_bad_window_risk_condition\debug\data_availability_audit.csv,data_availability_audit.csv,.csv,160,2026-06-17T22:07:46,outputs,data,data|risk|ml,P1,new,skim_then_extract
outputs\industry_rebound_window_v4_25_bad_window_risk_condition\debug\evaluation_scorecard.csv,evaluation_scorecard.csv,.csv,595,2026-06-17T22:07:58,outputs,data,risk,P1,new,skim_then_extract
outputs\industry_rebound_window_v4_25_bad_window_risk_condition\debug\evaluation_summary.json,evaluation_summary.json,.json,1056,2026-06-17T22:07:58,outputs,data,risk,P1,new,skim_then_extract
outputs\industry_rebound_window_v4_25_bad_window_risk_condition\debug\frozen_policy.json,frozen_policy.json,.json,2122,2026-06-17T22:07:46,outputs,data,risk,P1,new,skim_then_extract
outputs\industry_rebound_window_v4_25_bad_window_risk_condition\debug\leakage_audit.csv,leakage_audit.csv,.csv,245,2026-06-17T22:07:46,outputs,data,risk,P1,new,skim_then_extract
outputs\industry_rebound_window_v4_25_bad_window_risk_condition\debug\optimization_notes.json,optimization_notes.json,.json,205,2026-06-17T22:07:46,outputs,data,risk,P1,new,skim_then_extract
outputs\industry_rebound_window_v4_25_bad_window_risk_condition\debug\realtime_simulation_summary.csv,realtime_simulation_summary.csv,.csv,438,2026-06-17T22:07:46,outputs,data,risk,P1,new,skim_then_extract
outputs\industry_rebound_window_v4_25_bad_window_risk_condition\debug\realtime_simulation_trades.csv,realtime_simulation_trades.csv,.csv,3394,2026-06-17T22:07:46,outputs,data,risk,P1,new,skim_then_extract
outputs\industry_rebound_window_v4_25_bad_window_risk_condition\debug\risk_condition_filtered_trades.csv,risk_condition_filtered_trades.csv,.csv,13488,2026-06-17T22:07:46,outputs,data,risk,P1,new,skim_then_extract
outputs\industry_rebound_window_v4_25_bad_window_risk_condition\debug\risk_condition_source_trades.csv,risk_condition_source_trades.csv,.csv,4429,2026-06-17T22:07:46,outputs,data,risk,P1,new,skim_then_extract
outputs\industry_rebound_window_v4_25_bad_window_risk_condition\debug\risk_condition_summary.csv,risk_condition_summary.csv,.csv,1208,2026-06-17T22:07:46,outputs,data,risk,P1,new,skim_then_extract
outputs\industry_rebound_window_v4_25_bad_window_risk_condition\debug\walk_forward_year_summary.csv,walk_forward_year_summary.csv,.csv,330,2026-06-17T22:07:46,outputs,data,risk,P1,new,skim_then_extract
outputs\industry_rebound_window_v4_25_bad_window_risk_condition\run_summary.json,run_summary.json,.json,1066,2026-06-17T22:07:46,outputs,data,risk,P1,new,skim_then_extract
outputs\industry_rebound_window_v4_25_bad_window_risk_condition\top_candidates.csv,top_candidates.csv,.csv,1208,2026-06-17T22:07:46,outputs,data,risk,P1,new,skim_then_extract
outputs\industry_rebound_window_v4_2_bad_window_risk\debug\annual_signal_distribution.csv,annual_signal_distribution.csv,.csv,1365,2026-06-17T15:59:13,outputs,data,risk,P1,new,skim_then_extract
outputs\industry_rebound_window_v4_2_bad_window_risk\debug\bad_window_filter_audit.csv,bad_window_filter_audit.csv,.csv,468,2026-06-17T15:59:13,outputs,data,risk,P1,new,skim_then_extract
outputs\industry_rebound_window_v4_2_bad_window_risk\debug\bad_window_risk_bins.csv,bad_window_risk_bins.csv,.csv,1720,2026-06-17T15:59:13,outputs,data,risk,P1,new,skim_then_extract
outputs\industry_rebound_window_v4_2_bad_window_risk\debug\bad_window_threshold_audit.csv,bad_window_threshold_audit.csv,.csv,845,2026-06-17T15:59:13,outputs,data,risk,P1,new,skim_then_extract
outputs\industry_rebound_window_v4_2_bad_window_risk\debug\breadth_feature_audit.csv,breadth_feature_audit.csv,.csv,2493,2026-06-17T15:59:13,outputs,data,risk,P1,new,skim_then_extract
outputs\industry_rebound_window_v4_2_bad_window_risk\debug\data_availability_audit.csv,data_availability_audit.csv,.csv,584,2026-06-17T15:59:13,outputs,data,data|risk|ml,P1,new,skim_then_extract
outputs\industry_rebound_window_v4_2_bad_window_risk\debug\evaluation_scorecard.csv,evaluation_scorecard.csv,.csv,596,2026-06-17T16:03:14,outputs,data,risk,P1,new,skim_then_extract
outputs\industry_rebound_window_v4_2_bad_window_risk\debug\evaluation_summary.json,evaluation_summary.json,.json,1155,2026-06-17T16:03:14,outputs,data,risk,P1,new,skim_then_extract
outputs\industry_rebound_window_v4_2_bad_window_risk\debug\failure_case_profile.csv,failure_case_profile.csv,.csv,1012,2026-06-17T15:59:13,outputs,data,risk|ml,P1,new,skim_then_extract
outputs\industry_rebound_window_v4_2_bad_window_risk\debug\failure_feature_contrast.csv,failure_feature_contrast.csv,.csv,2963,2026-06-17T15:59:13,outputs,data,risk|ml,P1,new,skim_then_extract
outputs\industry_rebound_window_v4_2_bad_window_risk\debug\frozen_policy.json,frozen_policy.json,.json,4634,2026-06-17T15:59:13,outputs,data,risk,P1,new,skim_then_extract
outputs\industry_rebound_window_v4_2_bad_window_risk\debug\leakage_audit.csv,leakage_audit.csv,.csv,1056,2026-06-17T15:59:13,outputs,data,risk,P1,new,skim_then_extract
outputs\industry_rebound_window_v4_2_bad_window_risk\debug\optimization_notes.json,optimization_notes.json,.json,975,2026-06-17T15:59:13,outputs,data,risk,P1,new,skim_then_extract
outputs\industry_rebound_window_v4_2_bad_window_risk\debug\raw_model_realtime_summary.csv,raw_model_realtime_summary.csv,.csv,379,2026-06-17T15:59:13,outputs,data,risk,P1,new,skim_then_extract
outputs\industry_rebound_window_v4_2_bad_window_risk\debug\raw_model_realtime_trades.csv,raw_model_realtime_trades.csv,.csv,2655,2026-06-17T15:59:13,outputs,data,risk,P1,new,skim_then_extract
outputs\industry_rebound_window_v4_2_bad_window_risk\debug\realtime_simulation_summary.csv,realtime_simulation_summary.csv,.csv,410,2026-06-17T15:59:13,outputs,data,risk,P1,new,skim_then_extract
outputs\industry_rebound_window_v4_2_bad_window_risk\debug\realtime_simulation_trades.csv,realtime_simulation_trades.csv,.csv,1882,2026-06-17T15:59:13,outputs,data,risk,P1,new,skim_then_extract
outputs\industry_rebound_window_v4_2_bad_window_risk\debug\target_label_audit.csv,target_label_audit.csv,.csv,608,2026-06-17T15:59:13,outputs,data,risk,P1,new,skim_then_extract
outputs\industry_rebound_window_v4_2_bad_window_risk\debug\v42_bad_window_feature_panel.csv,v42_bad_window_feature_panel.csv,.csv,2407467,2026-06-17T15:59:13,outputs,data,risk,P1,new,skim_then_extract
outputs\industry_rebound_window_v4_2_bad_window_risk\debug\walk_forward_model_summary.csv,walk_forward_model_summary.csv,.csv,565,2026-06-17T15:59:13,outputs,data,risk,P1,new,skim_then_extract
outputs\industry_rebound_window_v4_2_bad_window_risk\debug\walk_forward_predictions.csv,walk_forward_predictions.csv,.csv,966363,2026-06-17T15:59:13,outputs,data,risk,P1,new,skim_then_extract
outputs\industry_rebound_window_v4_2_bad_window_risk\debug\walk_forward_year_summary.csv,walk_forward_year_summary.csv,.csv,919,2026-06-17T15:59:13,outputs,data,risk,P1,new,skim_then_extract
outputs\industry_rebound_window_v4_2_bad_window_risk\run_summary.json,run_summary.json,.json,1005,2026-06-17T15:59:13,outputs,data,risk,P1,new,skim_then_extract
outputs\industry_rebound_window_v4_2_bad_window_risk\top_candidates.csv,top_candidates.csv,.csv,937,2026-06-17T15:59:13,outputs,data,risk,P1,new,skim_then_extract
outputs\industry_rebound_window_v4_34_flow_risk_relative_frontier\debug\data_availability_audit.csv,data_availability_audit.csv,.csv,840,2026-06-17T23:25:57,outputs,data,data|risk|ml,P1,new,skim_then_extract
outputs\industry_rebound_window_v4_34_flow_risk_relative_frontier\debug\evaluation_scorecard.csv,evaluation_scorecard.csv,.csv,951,2026-06-17T23:26:07,outputs,data,risk,P1,new,skim_then_extract
outputs\industry_rebound_window_v4_34_flow_risk_relative_frontier\debug\evaluation_summary.json,evaluation_summary.json,.json,1466,2026-06-17T23:26:07,outputs,data,risk,P1,new,skim_then_extract
outputs\industry_rebound_window_v4_34_flow_risk_relative_frontier\debug\flow_risk_enriched_trades.csv,flow_risk_enriched_trades.csv,.csv,35619,2026-06-17T23:25:57,outputs,data,risk,P1,new,skim_then_extract
outputs\industry_rebound_window_v4_34_flow_risk_relative_frontier\debug\flow_risk_frontier_summary.csv,flow_risk_frontier_summary.csv,.csv,163698,2026-06-17T23:25:57,outputs,data,risk,P1,new,skim_then_extract
outputs\industry_rebound_window_v4_34_flow_risk_relative_frontier\debug\flow_risk_source_trades.csv,flow_risk_source_trades.csv,.csv,10469,2026-06-17T23:25:57,outputs,data,risk,P1,new,skim_then_extract
outputs\industry_rebound_window_v4_34_flow_risk_relative_frontier\debug\frozen_policy.json,frozen_policy.json,.json,2050,2026-06-17T23:25:57,outputs,data,risk,P1,new,skim_then_extract
outputs\industry_rebound_window_v4_34_flow_risk_relative_frontier\debug\leakage_audit.csv,leakage_audit.csv,.csv,354,2026-06-17T23:25:57,outputs,data,risk,P1,new,skim_then_extract
outputs\industry_rebound_window_v4_34_flow_risk_relative_frontier\debug\optimization_notes.json,optimization_notes.json,.json,895,2026-06-17T23:25:57,outputs,data,risk,P1,new,skim_then_extract
outputs\industry_rebound_window_v4_34_flow_risk_relative_frontier\debug\realtime_simulation_summary.csv,realtime_simulation_summary.csv,.csv,712,2026-06-17T23:25:57,outputs,data,risk,P1,new,skim_then_extract
outputs\industry_rebound_window_v4_34_flow_risk_relative_frontier\debug\realtime_simulation_trades.csv,realtime_simulation_trades.csv,.csv,28658,2026-06-17T23:25:57,outputs,data,risk,P1,new,skim_then_extract
outputs\industry_rebound_window_v4_34_flow_risk_relative_frontier\debug\walk_forward_year_summary.csv,walk_forward_year_summary.csv,.csv,588,2026-06-17T23:25:57,outputs,data,risk,P1,new,skim_then_extract
outputs\industry_rebound_window_v4_34_flow_risk_relative_frontier\debug\wide_index_daily_state.csv,wide_index_daily_state.csv,.csv,1952013,2026-06-17T23:25:57,outputs,data,risk|ml,P1,new,skim_then_extract
outputs\industry_rebound_window_v4_34_flow_risk_relative_frontier\run_summary.json,run_summary.json,.json,979,2026-06-17T23:25:57,outputs,data,risk,P1,new,skim_then_extract
outputs\industry_rebound_window_v4_34_flow_risk_relative_frontier\top_candidates.csv,top_candidates.csv,.csv,163698,2026-06-17T23:25:57,outputs,data,risk,P1,new,skim_then_extract
outputs\industry_rebound_window_v4_35_walk_forward_flow_risk\debug\data_availability_audit.csv,data_availability_audit.csv,.csv,381,2026-06-17T23:31:19,outputs,data,data|risk|ml,P1,new,skim_then_extract
outputs\industry_rebound_window_v4_35_walk_forward_flow_risk\debug\evaluation_scorecard.csv,evaluation_scorecard.csv,.csv,960,2026-06-17T23:31:31,outputs,data,risk,P1,new,skim_then_extract
outputs\industry_rebound_window_v4_35_walk_forward_flow_risk\debug\evaluation_summary.json,evaluation_summary.json,.json,1709,2026-06-17T23:31:31,outputs,data,risk,P1,new,skim_then_extract
outputs\industry_rebound_window_v4_35_walk_forward_flow_risk\debug\flow_risk_enriched_trades.csv,flow_risk_enriched_trades.csv,.csv,33973,2026-06-17T23:31:19,outputs,data,risk,P1,new,skim_then_extract
outputs\industry_rebound_window_v4_35_walk_forward_flow_risk\debug\frozen_policy.json,frozen_policy.json,.json,2083,2026-06-17T23:31:19,outputs,data,risk,P1,new,skim_then_extract
outputs\industry_rebound_window_v4_35_walk_forward_flow_risk\debug\leakage_audit.csv,leakage_audit.csv,.csv,241,2026-06-17T23:31:19,outputs,data,risk,P1,new,skim_then_extract
outputs\industry_rebound_window_v4_35_walk_forward_flow_risk\debug\optimization_notes.json,optimization_notes.json,.json,379,2026-06-17T23:31:19,outputs,data,risk,P1,new,skim_then_extract
outputs\industry_rebound_window_v4_35_walk_forward_flow_risk\debug\realtime_simulation_summary.csv,realtime_simulation_summary.csv,.csv,462,2026-06-17T23:31:19,outputs,data,risk,P1,new,skim_then_extract
outputs\industry_rebound_window_v4_35_walk_forward_flow_risk\debug\realtime_simulation_trades.csv,realtime_simulation_trades.csv,.csv,12902,2026-06-17T23:31:19,outputs,data,risk,P1,new,skim_then_extract
outputs\industry_rebound_window_v4_35_walk_forward_flow_risk\debug\walk_forward_selected_rules.csv,walk_forward_selected_rules.csv,.csv,1767,2026-06-17T23:31:19,outputs,data,risk,P1,new,skim_then_extract
outputs\industry_rebound_window_v4_35_walk_forward_flow_risk\debug\walk_forward_year_summary.csv,walk_forward_year_summary.csv,.csv,420,2026-06-17T23:31:19,outputs,data,risk,P1,new,skim_then_extract
outputs\industry_rebound_window_v4_35_walk_forward_flow_risk\run_summary.json,run_summary.json,.json,998,2026-06-17T23:31:19,outputs,data,risk,P1,new,skim_then_extract
outputs\industry_rebound_window_v4_35_walk_forward_flow_risk\top_candidates.csv,top_candidates.csv,.csv,1767,2026-06-17T23:31:19,outputs,data,risk,P1,new,skim_then_extract
outputs\industry_rebound_window_v4_8_risk_quality_filter\debug\annual_signal_distribution.csv,annual_signal_distribution.csv,.csv,3074,2026-06-17T17:17:20,outputs,data,risk,P1,new,skim_then_extract
outputs\industry_rebound_window_v4_8_risk_quality_filter\debug\breadth_feature_audit.csv,breadth_feature_audit.csv,.csv,2493,2026-06-17T17:17:20,outputs,data,risk,P1,new,skim_then_extract
outputs\industry_rebound_window_v4_8_risk_quality_filter\debug\data_availability_audit.csv,data_availability_audit.csv,.csv,584,2026-06-17T17:17:20,outputs,data,data|risk|ml,P1,new,skim_then_extract
outputs\industry_rebound_window_v4_8_risk_quality_filter\debug\evaluation_scorecard.csv,evaluation_scorecard.csv,.csv,594,2026-06-17T17:17:27,outputs,data,risk,P1,new,skim_then_extract
outputs\industry_rebound_window_v4_8_risk_quality_filter\debug\evaluation_summary.json,evaluation_summary.json,.json,1088,2026-06-17T17:17:27,outputs,data,risk,P1,new,skim_then_extract
outputs\industry_rebound_window_v4_8_risk_quality_filter\debug\failure_state_realtime_summary.csv,failure_state_realtime_summary.csv,.csv,380,2026-06-17T17:17:20,outputs,data,risk|ml,P1,new,skim_then_extract
outputs\industry_rebound_window_v4_8_risk_quality_filter\debug\failure_state_realtime_trades.csv,failure_state_realtime_trades.csv,.csv,3418,2026-06-17T17:17:20,outputs,data,risk|ml,P1,new,skim_then_extract
outputs\industry_rebound_window_v4_8_risk_quality_filter\debug\failure_state_threshold_audit.csv,failure_state_threshold_audit.csv,.csv,7951,2026-06-17T17:17:20,outputs,data,risk|ml,P1,new,skim_then_extract
outputs\industry_rebound_window_v4_8_risk_quality_filter\debug\frozen_policy.json,frozen_policy.json,.json,7465,2026-06-17T17:17:20,outputs,data,risk,P1,new,skim_then_extract
outputs\industry_rebound_window_v4_8_risk_quality_filter\debug\horizon_grid_realtime_trades.csv,horizon_grid_realtime_trades.csv,.csv,10270,2026-06-17T17:17:20,outputs,data,risk,P1,new,skim_then_extract
outputs\industry_rebound_window_v4_8_risk_quality_filter\debug\horizon_grid_summary.csv,horizon_grid_summary.csv,.csv,547,2026-06-17T17:17:20,outputs,data,risk,P1,new,skim_then_extract
outputs\industry_rebound_window_v4_8_risk_quality_filter\debug\leakage_audit.csv,leakage_audit.csv,.csv,1261,2026-06-17T17:17:20,outputs,data,risk,P1,new,skim_then_extract
outputs\industry_rebound_window_v4_8_risk_quality_filter\debug\leave_one_year_out_audit.csv,leave_one_year_out_audit.csv,.csv,1070,2026-06-17T17:17:20,outputs,data,risk,P1,new,skim_then_extract
outputs\industry_rebound_window_v4_8_risk_quality_filter\debug\optimization_notes.json,optimization_notes.json,.json,1009,2026-06-17T17:17:20,outputs,data,risk,P1,new,skim_then_extract
outputs\industry_rebound_window_v4_8_risk_quality_filter\debug\raw_model_realtime_summary.csv,raw_model_realtime_summary.csv,.csv,415,2026-06-17T17:17:20,outputs,data,risk,P1,new,skim_then_extract
outputs\industry_rebound_window_v4_8_risk_quality_filter\debug\raw_model_realtime_trades.csv,raw_model_realtime_trades.csv,.csv,4486,2026-06-17T17:17:20,outputs,data,risk,P1,new,skim_then_extract
outputs\industry_rebound_window_v4_8_risk_quality_filter\debug\realtime_simulation_summary.csv,realtime_simulation_summary.csv,.csv,574,2026-06-17T17:17:20,outputs,data,risk,P1,new,skim_then_extract
outputs\industry_rebound_window_v4_8_risk_quality_filter\debug\realtime_simulation_trades.csv,realtime_simulation_trades.csv,.csv,9545,2026-06-17T17:17:20,outputs,data,risk,P1,new,skim_then_extract
outputs\industry_rebound_window_v4_8_risk_quality_filter\debug\risk_quality_filter_audit.csv,risk_quality_filter_audit.csv,.csv,651,2026-06-17T17:17:20,outputs,data,risk,P1,new,skim_then_extract
outputs\industry_rebound_window_v4_8_risk_quality_filter\debug\risk_quality_filter_sensitivity.csv,risk_quality_filter_sensitivity.csv,.csv,2079,2026-06-17T17:17:20,outputs,data,risk,P1,new,skim_then_extract
outputs\industry_rebound_window_v4_8_risk_quality_filter\debug\short_horizon_base_summary.csv,short_horizon_base_summary.csv,.csv,547,2026-06-17T17:17:20,outputs,data,risk,P1,new,skim_then_extract
outputs\industry_rebound_window_v4_8_risk_quality_filter\debug\short_horizon_base_trades.csv,short_horizon_base_trades.csv,.csv,10270,2026-06-17T17:17:20,outputs,data,risk,P1,new,skim_then_extract
outputs\industry_rebound_window_v4_8_risk_quality_filter\debug\target_label_audit.csv,target_label_audit.csv,.csv,608,2026-06-17T17:17:20,outputs,data,risk,P1,new,skim_then_extract
outputs\industry_rebound_window_v4_8_risk_quality_filter\debug\v48_risk_quality_feature_panel.csv,v48_risk_quality_feature_panel.csv,.csv,2407467,2026-06-17T17:17:20,outputs,data,risk,P1,new,skim_then_extract
outputs\industry_rebound_window_v4_8_risk_quality_filter\debug\walk_forward_model_summary.csv,walk_forward_model_summary.csv,.csv,598,2026-06-17T17:17:20,outputs,data,risk,P1,new,skim_then_extract
outputs\industry_rebound_window_v4_8_risk_quality_filter\debug\walk_forward_predictions.csv,walk_forward_predictions.csv,.csv,1617798,2026-06-17T17:17:20,outputs,data,risk,P1,new,skim_then_extract
outputs\industry_rebound_window_v4_8_risk_quality_filter\debug\walk_forward_year_summary.csv,walk_forward_year_summary.csv,.csv,958,2026-06-17T17:17:20,outputs,data,risk,P1,new,skim_then_extract
outputs\industry_rebound_window_v4_8_risk_quality_filter\run_summary.json,run_summary.json,.json,1127,2026-06-17T17:17:20,outputs,data,risk,P1,new,skim_then_extract
outputs\industry_rebound_window_v4_8_risk_quality_filter\top_candidates.csv,top_candidates.csv,.csv,2613,2026-06-17T17:17:20,outputs,data,risk,P1,new,skim_then_extract
outputs\industry_rebound_window_v4_9_short_target_model\debug\risk_quality_filter_audit.csv,risk_quality_filter_audit.csv,.csv,654,2026-06-17T17:30:56,outputs,data,risk,P1,new,skim_then_extract
outputs\industry_rebound_window_v4_9_short_target_model\debug\risk_quality_filter_sensitivity.csv,risk_quality_filter_sensitivity.csv,.csv,2073,2026-06-17T17:30:56,outputs,data,risk,P1,new,skim_then_extract
outputs\industry_valuation_pit_validation_v2_6\debug\daily_portfolio_nav.csv,daily_portfolio_nav.csv,.csv,1785155,2026-06-14T15:50:32,outputs,data,portfolio|ml,P1,new,skim_then_extract
outputs\industry_valuation_pit_validation_v2_6\debug\event_backtest.csv,event_backtest.csv,.csv,1188489,2026-06-14T15:50:32,outputs,data,backtest,P1,new,skim_then_extract
outputs\industry_valuation_pit_validation_v2_6\debug\nonoverlap_backtest.csv,nonoverlap_backtest.csv,.csv,239641,2026-06-14T15:50:32,outputs,data,backtest,P1,new,skim_then_extract
outputs\industry_valuation_pit_validation_v2_6\debug\portfolio_nav_metrics.csv,portfolio_nav_metrics.csv,.csv,3545,2026-06-14T15:50:32,outputs,data,portfolio,P1,new,skim_then_extract
outputs\industry_valuation_quality_v2_7\debug\daily_portfolio_nav.csv,daily_portfolio_nav.csv,.csv,820447,2026-06-14T16:15:50,outputs,data,portfolio|ml,P1,new,skim_then_extract
outputs\industry_valuation_quality_v2_7\debug\event_backtest.csv,event_backtest.csv,.csv,613975,2026-06-14T16:15:50,outputs,data,backtest,P1,new,skim_then_extract
outputs\industry_valuation_quality_v2_7\debug\nonoverlap_backtest.csv,nonoverlap_backtest.csv,.csv,121856,2026-06-14T16:15:50,outputs,data,backtest,P1,new,skim_then_extract
outputs\industry_valuation_quality_v2_7\debug\portfolio_nav_metrics.csv,portfolio_nav_metrics.csv,.csv,1459,2026-06-14T16:15:50,outputs,data,portfolio,P1,new,skim_then_extract
outputs\test\industry_index_research_validation_v1_8\debug\topn_backtest.csv,topn_backtest.csv,.csv,503206,2026-06-13T16:15:37,outputs,data,backtest,P1,new,skim_then_extract
portfolio_lab\account_state_schema.json,account_state_schema.json,.json,1781,2026-07-12T11:09:26,portfolio_lab,data,portfolio,P1,new,skim_then_extract
portfolio_lab\current_account_state.json,current_account_state.json,.json,235,2026-07-13T13:46:59,portfolio_lab,data,portfolio,P1,new,skim_then_extract
strategy_lab\agents\task_briefs\archive\v2_0_conditional_industry_reversal_backtest.json,v2_0_conditional_industry_reversal_backtest.json,.json,3785,2026-06-13T17:33:50,strategy_lab,data,backtest,P1,new,skim_then_extract
strategy_lab\agents\task_briefs\archive\v2_4_iterative_backtest_review.json,v2_4_iterative_backtest_review.json,.json,4863,2026-06-13T23:47:00,strategy_lab,data,backtest,P1,new,skim_then_extract
strategy_lab\agents\task_briefs\v0_3_factor_registry_audit.json,v0_3_factor_registry_audit.json,.json,1327,2026-06-13T11:10:27,strategy_lab,data,factor,P1,new,skim_then_extract
strategy_lab\agents\task_briefs\v2_18_rebound_window_path_risk.json,v2_18_rebound_window_path_risk.json,.json,3191,2026-06-16T18:48:38,strategy_lab,data,risk,P1,new,skim_then_extract
strategy_lab\agents\task_briefs\v2_8_rankic_portfolio_bridge.json,v2_8_rankic_portfolio_bridge.json,.json,5617,2026-06-14T16:53:03,strategy_lab,data,portfolio,P1,new,skim_then_extract
strategy_lab\agents\task_briefs\v3_5_rebound_window_independent_risk.json,v3_5_rebound_window_independent_risk.json,.json,5707,2026-06-17T14:39:21,strategy_lab,data,risk,P1,new,skim_then_extract
strategy_lab\agents\task_briefs\v4_25_rebound_window_bad_window_risk_condition.json,v4_25_rebound_window_bad_window_risk_condition.json,.json,4238,2026-06-17T22:07:33,strategy_lab,data,risk,P1,new,skim_then_extract
strategy_lab\agents\task_briefs\v4_2_rebound_window_bad_window_risk.json,v4_2_rebound_window_bad_window_risk.json,.json,5997,2026-06-17T16:00:37,strategy_lab,data,risk,P1,new,skim_then_extract
strategy_lab\agents\task_briefs\v4_34_rebound_window_flow_risk_relative_frontier.json,v4_34_rebound_window_flow_risk_relative_frontier.json,.json,4618,2026-06-17T23:28:03,strategy_lab,data,risk,P1,new,skim_then_extract
strategy_lab\agents\task_briefs\v4_35_rebound_window_walk_forward_flow_risk.json,v4_35_rebound_window_walk_forward_flow_risk.json,.json,3988,2026-06-17T23:33:13,strategy_lab,data,risk,P1,new,skim_then_extract
strategy_lab\agents\task_briefs\v4_8_rebound_window_risk_quality_filter.json,v4_8_rebound_window_risk_quality_filter.json,.json,7399,2026-06-17T17:18:31,strategy_lab,data,risk,P1,new,skim_then_extract
factor_library\factor_card_template.md,factor_card_template.md,.md,195,2026-06-12T16:12:51,factor_library,markdown,factor,P1,new,skim_then_extract
factor_library\financial_sector_value_factor_framework.md,financial_sector_value_factor_framework.md,.md,4573,2026-06-12T17:49:52,factor_library,markdown,factor,P1,new,skim_then_extract
outputs\audit\rebound_leader_historical_backtest_verdict_v4_93\report.md,report.md,.md,4849,2026-07-12T09:28:19,outputs,markdown,backtest,P1,new,skim_then_extract
outputs\industry_conditional_reversal_backtest\report.md,report.md,.md,10284,2026-06-13T17:37:34,outputs,markdown,backtest,P1,new,skim_then_extract
outputs\industry_latest_undervalued_oversold_bottom_backtest\report.md,report.md,.md,22256,2026-06-14T19:09:55,outputs,markdown,backtest,P1,new,skim_then_extract
outputs\industry_oversold_bottom_backtest\report.md,report.md,.md,10267,2026-06-13T16:56:28,outputs,markdown,backtest,P1,new,skim_then_extract
outputs\industry_rankic_portfolio_bridge_v2_8\report.md,report.md,.md,28179,2026-06-14T16:51:30,outputs,markdown,portfolio,P1,new,skim_then_extract
outputs\industry_rebound_leader_oos_factor_v4_74\report.md,report.md,.md,9346,2026-06-23T23:17:00,outputs,markdown,factor,P1,new,skim_then_extract
outputs\industry_rebound_leader_separable_portfolio_v4_78\report.md,report.md,.md,8231,2026-06-23T23:17:19,outputs,markdown,portfolio,P1,new,skim_then_extract
outputs\industry_rebound_window_path_risk_v2_18\report.md,report.md,.md,3353,2026-06-16T18:49:21,outputs,markdown,risk,P1,new,skim_then_extract
outputs\industry_rebound_window_v3_5_independent_risk\report.md,report.md,.md,8516,2026-06-17T14:40:50,outputs,markdown,risk,P1,new,skim_then_extract
outputs\industry_rebound_window_v4_25_bad_window_risk_condition\report.md,report.md,.md,4695,2026-06-17T22:07:46,outputs,markdown,risk,P1,new,skim_then_extract
outputs\industry_rebound_window_v4_2_bad_window_risk\report.md,report.md,.md,10468,2026-06-17T15:59:13,outputs,markdown,risk,P1,new,skim_then_extract
outputs\industry_rebound_window_v4_34_flow_risk_relative_frontier\report.md,report.md,.md,17012,2026-06-17T23:25:57,outputs,markdown,risk,P1,new,skim_then_extract
outputs\industry_rebound_window_v4_35_walk_forward_flow_risk\report.md,report.md,.md,7048,2026-06-17T23:31:19,outputs,markdown,risk,P1,new,skim_then_extract
outputs\industry_rebound_window_v4_8_risk_quality_filter\report.md,report.md,.md,13840,2026-06-17T17:17:20,outputs,markdown,risk,P1,new,skim_then_extract
portfolio_lab\candidate_report_template.md,candidate_report_template.md,.md,771,2026-06-12T16:19:00,portfolio_lab,markdown,portfolio,P1,new,skim_then_extract
outputs\test\dashboard_v472_factor_discovery_check\mobile.png,mobile.png,.png,78352,2026-06-19T02:25:08,outputs,other,factor,P1,new,skim_then_extract
outputs\test\dashboard_v472_structure_factor_check\mobile.png,mobile.png,.png,91142,2026-06-19T02:31:19,outputs,other,factor,P1,new,skim_then_extract
